".chain",".iteration",".draw","variable","value"
1,1,1,"phi",5.80506
1,2,2,"phi",5.75243
1,3,3,"phi",5.69481
1,4,4,"phi",5.56115
1,5,5,"phi",5.91788
1,6,6,"phi",6.12872
1,7,7,"phi",5.87266
1,8,8,"phi",5.62217
1,9,9,"phi",5.6762
1,10,10,"phi",5.73538
1,11,11,"phi",5.93619
1,12,12,"phi",5.77173
1,13,13,"phi",5.95479
1,14,14,"phi",6.03131
1,15,15,"phi",5.85466
1,16,16,"phi",5.95273
1,17,17,"phi",5.58482
1,18,18,"phi",5.3665
1,19,19,"phi",6.04421
1,20,20,"phi",5.73685
1,21,21,"phi",5.61836
1,22,22,"phi",5.97692
1,23,23,"phi",5.75976
1,24,24,"phi",5.98822
1,25,25,"phi",5.57849
1,26,26,"phi",5.80501
1,27,27,"phi",5.5054
1,28,28,"phi",5.88902
1,29,29,"phi",5.63032
1,30,30,"phi",5.67625
1,31,31,"phi",5.49635
1,32,32,"phi",5.7781
1,33,33,"phi",5.86884
1,34,34,"phi",5.51828
1,35,35,"phi",6.00275
1,36,36,"phi",5.94786
1,37,37,"phi",5.74843
1,38,38,"phi",5.54504
1,39,39,"phi",5.56657
1,40,40,"phi",5.56488
1,41,41,"phi",5.97928
1,42,42,"phi",5.70226
1,43,43,"phi",5.80494
1,44,44,"phi",5.95257
1,45,45,"phi",5.70098
1,46,46,"phi",5.68942
1,47,47,"phi",5.56275
1,48,48,"phi",5.83995
1,49,49,"phi",5.57404
1,50,50,"phi",5.73912
1,51,51,"phi",5.74542
1,52,52,"phi",5.8051
1,53,53,"phi",5.61224
1,54,54,"phi",5.53775
1,55,55,"phi",5.77742
1,56,56,"phi",5.28788
1,57,57,"phi",6.29659
1,58,58,"phi",5.50036
1,59,59,"phi",5.79088
1,60,60,"phi",5.6658
1,61,61,"phi",5.74129
1,62,62,"phi",5.74514
1,63,63,"phi",5.88465
1,64,64,"phi",5.84619
1,65,65,"phi",5.84134
1,66,66,"phi",5.82966
1,67,67,"phi",5.59445
1,68,68,"phi",5.43261
1,69,69,"phi",5.83988
1,70,70,"phi",5.48121
1,71,71,"phi",5.56718
1,72,72,"phi",5.7207
1,73,73,"phi",6.10571
1,74,74,"phi",5.6966
1,75,75,"phi",5.76267
1,76,76,"phi",5.89013
1,77,77,"phi",5.90942
1,78,78,"phi",5.54723
1,79,79,"phi",5.77047
1,80,80,"phi",5.67157
1,81,81,"phi",5.79714
1,82,82,"phi",5.76809
1,83,83,"phi",5.76336
1,84,84,"phi",5.62299
1,85,85,"phi",5.82603
1,86,86,"phi",5.72231
1,87,87,"phi",5.79712
1,88,88,"phi",5.96457
1,89,89,"phi",5.87633
1,90,90,"phi",5.82165
1,91,91,"phi",5.48457
1,92,92,"phi",5.38215
1,93,93,"phi",5.8619
1,94,94,"phi",5.62969
1,95,95,"phi",5.54796
1,96,96,"phi",5.3394
1,97,97,"phi",5.81024
1,98,98,"phi",5.63669
1,99,99,"phi",5.59836
1,100,100,"phi",5.99372
1,101,101,"phi",5.49137
1,102,102,"phi",5.57738
1,103,103,"phi",6.02378
1,104,104,"phi",5.75733
1,105,105,"phi",5.65773
1,106,106,"phi",5.74915
1,107,107,"phi",5.56373
1,108,108,"phi",5.72606
1,109,109,"phi",5.86758
1,110,110,"phi",5.92971
1,111,111,"phi",5.64024
1,112,112,"phi",5.63362
1,113,113,"phi",5.50424
1,114,114,"phi",5.76594
1,115,115,"phi",5.65448
1,116,116,"phi",5.66859
1,117,117,"phi",5.22607
1,118,118,"phi",5.65349
1,119,119,"phi",5.7756
1,120,120,"phi",5.72076
1,121,121,"phi",5.71402
1,122,122,"phi",6.06161
1,123,123,"phi",5.82693
1,124,124,"phi",5.45684
1,125,125,"phi",5.78654
1,126,126,"phi",5.60166
1,127,127,"phi",5.56481
1,128,128,"phi",5.80539
1,129,129,"phi",5.69406
1,130,130,"phi",5.60029
1,131,131,"phi",5.94427
1,132,132,"phi",5.78844
1,133,133,"phi",5.6005
1,134,134,"phi",5.62641
1,135,135,"phi",5.61739
1,136,136,"phi",5.75079
1,137,137,"phi",5.50665
1,138,138,"phi",5.41562
1,139,139,"phi",5.9084
1,140,140,"phi",5.67709
1,141,141,"phi",5.75647
1,142,142,"phi",5.51299
1,143,143,"phi",5.98757
1,144,144,"phi",5.77943
1,145,145,"phi",5.61795
1,146,146,"phi",5.53504
1,147,147,"phi",5.91354
1,148,148,"phi",5.85905
1,149,149,"phi",5.80462
1,150,150,"phi",5.63757
1,151,151,"phi",5.85182
1,152,152,"phi",5.901
1,153,153,"phi",5.62563
1,154,154,"phi",5.79995
1,155,155,"phi",5.7011
1,156,156,"phi",5.76413
1,157,157,"phi",5.85421
1,158,158,"phi",5.87794
1,159,159,"phi",5.91796
1,160,160,"phi",5.86878
1,161,161,"phi",5.75704
1,162,162,"phi",5.75868
1,163,163,"phi",5.84301
1,164,164,"phi",5.92055
1,165,165,"phi",5.78409
1,166,166,"phi",5.99175
1,167,167,"phi",5.91024
1,168,168,"phi",5.69601
1,169,169,"phi",5.79519
1,170,170,"phi",5.71614
1,171,171,"phi",5.94064
1,172,172,"phi",5.66963
1,173,173,"phi",5.65716
1,174,174,"phi",5.66497
1,175,175,"phi",5.71901
1,176,176,"phi",6.09207
1,177,177,"phi",5.95944
1,178,178,"phi",5.82724
1,179,179,"phi",5.81113
1,180,180,"phi",5.99416
1,181,181,"phi",5.6952
1,182,182,"phi",5.87999
1,183,183,"phi",5.59695
1,184,184,"phi",5.50818
1,185,185,"phi",5.55093
1,186,186,"phi",5.84218
1,187,187,"phi",5.84688
1,188,188,"phi",5.85201
1,189,189,"phi",5.80103
1,190,190,"phi",5.6357
1,191,191,"phi",5.58068
1,192,192,"phi",6.06395
1,193,193,"phi",6.23856
1,194,194,"phi",5.96813
1,195,195,"phi",5.63456
1,196,196,"phi",5.86239
1,197,197,"phi",5.61502
1,198,198,"phi",5.73981
1,199,199,"phi",5.54974
1,200,200,"phi",6.08985
1,201,201,"phi",5.62584
1,202,202,"phi",5.75104
1,203,203,"phi",5.7519
1,204,204,"phi",5.64484
1,205,205,"phi",5.69272
1,206,206,"phi",5.56597
1,207,207,"phi",5.59757
1,208,208,"phi",5.86691
1,209,209,"phi",5.45052
1,210,210,"phi",5.50481
1,211,211,"phi",5.49942
1,212,212,"phi",5.70637
1,213,213,"phi",5.93827
1,214,214,"phi",5.88454
1,215,215,"phi",6.00773
1,216,216,"phi",5.65314
1,217,217,"phi",5.6599
1,218,218,"phi",5.66516
1,219,219,"phi",5.74073
1,220,220,"phi",5.70825
1,221,221,"phi",5.79486
1,222,222,"phi",5.67491
1,223,223,"phi",5.70073
1,224,224,"phi",5.74497
1,225,225,"phi",5.61486
1,226,226,"phi",5.74324
1,227,227,"phi",5.33944
1,228,228,"phi",6.04159
1,229,229,"phi",5.78311
1,230,230,"phi",6.08568
1,231,231,"phi",5.7007
1,232,232,"phi",5.81506
1,233,233,"phi",5.92828
1,234,234,"phi",5.44799
1,235,235,"phi",5.44061
1,236,236,"phi",5.55826
1,237,237,"phi",5.9071
1,238,238,"phi",6.09557
1,239,239,"phi",5.97709
1,240,240,"phi",5.71185
1,241,241,"phi",5.78551
1,242,242,"phi",5.78312
1,243,243,"phi",5.52042
1,244,244,"phi",5.2898
1,245,245,"phi",5.80029
1,246,246,"phi",5.94724
1,247,247,"phi",5.83456
1,248,248,"phi",5.5509
1,249,249,"phi",5.66332
1,250,250,"phi",5.38127
1,251,251,"phi",5.66022
1,252,252,"phi",5.51602
1,253,253,"phi",5.71614
1,254,254,"phi",5.80966
1,255,255,"phi",5.71875
1,256,256,"phi",5.19555
1,257,257,"phi",6.04334
1,258,258,"phi",5.58368
1,259,259,"phi",6.05848
1,260,260,"phi",5.57519
1,261,261,"phi",5.54669
1,262,262,"phi",5.8264
1,263,263,"phi",5.67447
1,264,264,"phi",6.16454
1,265,265,"phi",5.75612
1,266,266,"phi",5.39534
1,267,267,"phi",5.47053
1,268,268,"phi",5.73284
1,269,269,"phi",5.50403
1,270,270,"phi",5.6161
1,271,271,"phi",5.79097
1,272,272,"phi",5.89308
1,273,273,"phi",5.81202
1,274,274,"phi",5.70164
1,275,275,"phi",5.88143
1,276,276,"phi",5.67297
1,277,277,"phi",5.95716
1,278,278,"phi",5.804
1,279,279,"phi",5.72392
1,280,280,"phi",5.83809
1,281,281,"phi",5.57648
1,282,282,"phi",5.5989
1,283,283,"phi",5.7949
1,284,284,"phi",5.74928
1,285,285,"phi",5.47643
1,286,286,"phi",5.67011
1,287,287,"phi",5.69957
1,288,288,"phi",5.92843
1,289,289,"phi",5.99472
1,290,290,"phi",6.00934
1,291,291,"phi",6.01356
1,292,292,"phi",5.84328
1,293,293,"phi",5.68704
1,294,294,"phi",5.69422
1,295,295,"phi",5.82593
1,296,296,"phi",5.69946
1,297,297,"phi",5.73719
1,298,298,"phi",5.87411
1,299,299,"phi",5.42657
1,300,300,"phi",5.91839
2,1,301,"phi",5.94381
2,2,302,"phi",5.60335
2,3,303,"phi",5.63172
2,4,304,"phi",5.7037
2,5,305,"phi",5.67284
2,6,306,"phi",6.07806
2,7,307,"phi",5.7046
2,8,308,"phi",5.62841
2,9,309,"phi",5.49366
2,10,310,"phi",5.33297
2,11,311,"phi",5.84205
2,12,312,"phi",5.92796
2,13,313,"phi",5.74969
2,14,314,"phi",5.84694
2,15,315,"phi",5.64752
2,16,316,"phi",6.0858
2,17,317,"phi",5.60628
2,18,318,"phi",6.01147
2,19,319,"phi",5.80454
2,20,320,"phi",6.15946
2,21,321,"phi",6.03222
2,22,322,"phi",5.70955
2,23,323,"phi",5.61686
2,24,324,"phi",5.99327
2,25,325,"phi",5.71986
2,26,326,"phi",5.92321
2,27,327,"phi",5.61321
2,28,328,"phi",5.82601
2,29,329,"phi",5.98545
2,30,330,"phi",5.68922
2,31,331,"phi",5.75946
2,32,332,"phi",5.58579
2,33,333,"phi",5.75202
2,34,334,"phi",5.72022
2,35,335,"phi",5.68561
2,36,336,"phi",5.44972
2,37,337,"phi",5.81753
2,38,338,"phi",5.77756
2,39,339,"phi",5.77948
2,40,340,"phi",5.60108
2,41,341,"phi",5.82651
2,42,342,"phi",5.32395
2,43,343,"phi",5.56489
2,44,344,"phi",5.85982
2,45,345,"phi",5.3132
2,46,346,"phi",5.57286
2,47,347,"phi",6.02122
2,48,348,"phi",5.77369
2,49,349,"phi",5.67991
2,50,350,"phi",6.04201
2,51,351,"phi",5.79418
2,52,352,"phi",5.51821
2,53,353,"phi",5.51507
2,54,354,"phi",5.70493
2,55,355,"phi",6.03464
2,56,356,"phi",5.94347
2,57,357,"phi",5.97935
2,58,358,"phi",6.21092
2,59,359,"phi",5.7246
2,60,360,"phi",5.73156
2,61,361,"phi",5.82701
2,62,362,"phi",5.83169
2,63,363,"phi",5.42761
2,64,364,"phi",5.83785
2,65,365,"phi",5.83064
2,66,366,"phi",5.48613
2,67,367,"phi",5.54117
2,68,368,"phi",5.67988
2,69,369,"phi",5.6197
2,70,370,"phi",5.87782
2,71,371,"phi",5.48905
2,72,372,"phi",5.53086
2,73,373,"phi",5.95059
2,74,374,"phi",5.85428
2,75,375,"phi",5.81153
2,76,376,"phi",5.61084
2,77,377,"phi",5.60506
2,78,378,"phi",5.75976
2,79,379,"phi",5.59586
2,80,380,"phi",5.84379
2,81,381,"phi",5.95821
2,82,382,"phi",5.81565
2,83,383,"phi",5.71003
2,84,384,"phi",5.94152
2,85,385,"phi",5.47041
2,86,386,"phi",5.96242
2,87,387,"phi",5.78825
2,88,388,"phi",5.97434
2,89,389,"phi",5.81455
2,90,390,"phi",5.75489
2,91,391,"phi",5.82997
2,92,392,"phi",5.80023
2,93,393,"phi",5.89418
2,94,394,"phi",5.43546
2,95,395,"phi",5.6792
2,96,396,"phi",5.29076
2,97,397,"phi",5.53624
2,98,398,"phi",5.56608
2,99,399,"phi",6.01497
2,100,400,"phi",5.70021
2,101,401,"phi",5.81788
2,102,402,"phi",5.62823
2,103,403,"phi",5.88129
2,104,404,"phi",5.92291
2,105,405,"phi",5.74128
2,106,406,"phi",5.9489
2,107,407,"phi",5.67545
2,108,408,"phi",6.00374
2,109,409,"phi",5.56076
2,110,410,"phi",5.74389
2,111,411,"phi",5.60752
2,112,412,"phi",5.78053
2,113,413,"phi",5.70997
2,114,414,"phi",5.89035
2,115,415,"phi",5.87397
2,116,416,"phi",5.83796
2,117,417,"phi",5.56037
2,118,418,"phi",5.76144
2,119,419,"phi",5.58729
2,120,420,"phi",5.79755
2,121,421,"phi",5.92255
2,122,422,"phi",5.74367
2,123,423,"phi",5.66601
2,124,424,"phi",5.63463
2,125,425,"phi",5.98021
2,126,426,"phi",5.52619
2,127,427,"phi",5.60858
2,128,428,"phi",5.91911
2,129,429,"phi",5.92793
2,130,430,"phi",5.99148
2,131,431,"phi",5.50733
2,132,432,"phi",5.81478
2,133,433,"phi",5.41041
2,134,434,"phi",5.49429
2,135,435,"phi",5.89234
2,136,436,"phi",5.67609
2,137,437,"phi",5.55894
2,138,438,"phi",5.76156
2,139,439,"phi",5.6741
2,140,440,"phi",6.12386
2,141,441,"phi",5.65438
2,142,442,"phi",5.82785
2,143,443,"phi",5.92062
2,144,444,"phi",5.92937
2,145,445,"phi",5.71982
2,146,446,"phi",5.84585
2,147,447,"phi",5.47404
2,148,448,"phi",5.48463
2,149,449,"phi",5.93112
2,150,450,"phi",5.57159
2,151,451,"phi",5.69178
2,152,452,"phi",5.70236
2,153,453,"phi",5.90972
2,154,454,"phi",5.57909
2,155,455,"phi",5.55893
2,156,456,"phi",5.65011
2,157,457,"phi",5.91475
2,158,458,"phi",5.35252
2,159,459,"phi",5.49699
2,160,460,"phi",5.77665
2,161,461,"phi",5.71984
2,162,462,"phi",5.8862
2,163,463,"phi",5.56636
2,164,464,"phi",5.58947
2,165,465,"phi",5.59604
2,166,466,"phi",5.62846
2,167,467,"phi",5.7007
2,168,468,"phi",5.78008
2,169,469,"phi",5.63778
2,170,470,"phi",5.76533
2,171,471,"phi",6.025
2,172,472,"phi",5.86494
2,173,473,"phi",5.75194
2,174,474,"phi",5.92592
2,175,475,"phi",5.73781
2,176,476,"phi",5.36359
2,177,477,"phi",5.60101
2,178,478,"phi",6.15514
2,179,479,"phi",5.73714
2,180,480,"phi",5.52251
2,181,481,"phi",5.57899
2,182,482,"phi",5.65758
2,183,483,"phi",5.53474
2,184,484,"phi",5.56427
2,185,485,"phi",5.58327
2,186,486,"phi",5.93242
2,187,487,"phi",5.43625
2,188,488,"phi",5.65673
2,189,489,"phi",5.91753
2,190,490,"phi",5.75006
2,191,491,"phi",5.59836
2,192,492,"phi",5.74554
2,193,493,"phi",5.6671
2,194,494,"phi",5.6962
2,195,495,"phi",5.83783
2,196,496,"phi",5.67838
2,197,497,"phi",5.78237
2,198,498,"phi",5.55973
2,199,499,"phi",5.77259
2,200,500,"phi",5.66918
2,201,501,"phi",6.12372
2,202,502,"phi",5.81277
2,203,503,"phi",5.51316
2,204,504,"phi",6.01424
2,205,505,"phi",5.36575
2,206,506,"phi",5.68271
2,207,507,"phi",5.52003
2,208,508,"phi",5.46924
2,209,509,"phi",6.00602
2,210,510,"phi",5.62145
2,211,511,"phi",5.78117
2,212,512,"phi",5.95799
2,213,513,"phi",5.71518
2,214,514,"phi",5.59408
2,215,515,"phi",6.0553
2,216,516,"phi",5.90573
2,217,517,"phi",5.64959
2,218,518,"phi",5.75008
2,219,519,"phi",5.72776
2,220,520,"phi",5.38146
2,221,521,"phi",5.75411
2,222,522,"phi",5.649
2,223,523,"phi",5.77511
2,224,524,"phi",5.77284
2,225,525,"phi",5.93793
2,226,526,"phi",5.63969
2,227,527,"phi",5.75067
2,228,528,"phi",5.46841
2,229,529,"phi",5.50774
2,230,530,"phi",5.85932
2,231,531,"phi",5.79428
2,232,532,"phi",5.97823
2,233,533,"phi",5.86253
2,234,534,"phi",5.73673
2,235,535,"phi",5.54886
2,236,536,"phi",5.56953
2,237,537,"phi",5.63459
2,238,538,"phi",5.64624
2,239,539,"phi",5.45423
2,240,540,"phi",5.74762
2,241,541,"phi",5.71812
2,242,542,"phi",5.21607
2,243,543,"phi",5.61264
2,244,544,"phi",5.8026
2,245,545,"phi",5.72892
2,246,546,"phi",5.98693
2,247,547,"phi",5.65414
2,248,548,"phi",6.12922
2,249,549,"phi",5.72034
2,250,550,"phi",5.83183
2,251,551,"phi",5.71651
2,252,552,"phi",5.98261
2,253,553,"phi",5.81695
2,254,554,"phi",5.63613
2,255,555,"phi",5.65422
2,256,556,"phi",5.6737
2,257,557,"phi",5.81333
2,258,558,"phi",5.84588
2,259,559,"phi",5.55394
2,260,560,"phi",6.20457
2,261,561,"phi",5.89686
2,262,562,"phi",5.56083
2,263,563,"phi",6.46425
2,264,564,"phi",5.86949
2,265,565,"phi",5.41942
2,266,566,"phi",5.74752
2,267,567,"phi",5.50604
2,268,568,"phi",5.66792
2,269,569,"phi",5.74218
2,270,570,"phi",5.41052
2,271,571,"phi",5.58031
2,272,572,"phi",5.78154
2,273,573,"phi",6.14945
2,274,574,"phi",5.78777
2,275,575,"phi",5.71963
2,276,576,"phi",5.76085
2,277,577,"phi",5.67218
2,278,578,"phi",5.42988
2,279,579,"phi",5.65326
2,280,580,"phi",5.6481
2,281,581,"phi",5.59876
2,282,582,"phi",5.88695
2,283,583,"phi",5.98361
2,284,584,"phi",5.62853
2,285,585,"phi",5.5883
2,286,586,"phi",5.93463
2,287,587,"phi",5.73783
2,288,588,"phi",5.68261
2,289,589,"phi",5.64492
2,290,590,"phi",5.82093
2,291,591,"phi",6.08611
2,292,592,"phi",5.67661
2,293,593,"phi",5.7383
2,294,594,"phi",5.71072
2,295,595,"phi",5.83637
2,296,596,"phi",5.59063
2,297,597,"phi",6.00894
2,298,598,"phi",5.70032
2,299,599,"phi",5.84656
2,300,600,"phi",6.07044
3,1,601,"phi",5.86134
3,2,602,"phi",5.91549
3,3,603,"phi",5.84751
3,4,604,"phi",5.92504
3,5,605,"phi",5.66832
3,6,606,"phi",5.5309
3,7,607,"phi",6.03972
3,8,608,"phi",5.67979
3,9,609,"phi",5.74558
3,10,610,"phi",5.76074
3,11,611,"phi",5.86106
3,12,612,"phi",5.55809
3,13,613,"phi",5.73767
3,14,614,"phi",5.64989
3,15,615,"phi",5.77954
3,16,616,"phi",5.6601
3,17,617,"phi",5.87467
3,18,618,"phi",6.05702
3,19,619,"phi",6.0008
3,20,620,"phi",5.54364
3,21,621,"phi",5.7629
3,22,622,"phi",5.45489
3,23,623,"phi",5.90106
3,24,624,"phi",5.72807
3,25,625,"phi",5.76773
3,26,626,"phi",5.96031
3,27,627,"phi",5.67142
3,28,628,"phi",5.61977
3,29,629,"phi",6.3104
3,30,630,"phi",5.71016
3,31,631,"phi",5.62415
3,32,632,"phi",5.75026
3,33,633,"phi",5.62287
3,34,634,"phi",5.59631
3,35,635,"phi",5.63505
3,36,636,"phi",5.70257
3,37,637,"phi",5.56035
3,38,638,"phi",5.69165
3,39,639,"phi",5.58752
3,40,640,"phi",5.71683
3,41,641,"phi",5.60588
3,42,642,"phi",5.83579
3,43,643,"phi",5.62064
3,44,644,"phi",5.55705
3,45,645,"phi",5.77893
3,46,646,"phi",5.54064
3,47,647,"phi",5.75554
3,48,648,"phi",5.62637
3,49,649,"phi",5.65628
3,50,650,"phi",5.83872
3,51,651,"phi",5.50323
3,52,652,"phi",5.67357
3,53,653,"phi",5.77803
3,54,654,"phi",5.58607
3,55,655,"phi",5.40597
3,56,656,"phi",5.64444
3,57,657,"phi",5.63705
3,58,658,"phi",5.81409
3,59,659,"phi",5.58299
3,60,660,"phi",5.66227
3,61,661,"phi",5.81892
3,62,662,"phi",5.6811
3,63,663,"phi",5.75088
3,64,664,"phi",5.77677
3,65,665,"phi",5.97071
3,66,666,"phi",5.87607
3,67,667,"phi",5.54514
3,68,668,"phi",5.45424
3,69,669,"phi",5.81503
3,70,670,"phi",6.064
3,71,671,"phi",5.44322
3,72,672,"phi",5.894
3,73,673,"phi",5.46288
3,74,674,"phi",5.71731
3,75,675,"phi",5.35133
3,76,676,"phi",5.60523
3,77,677,"phi",5.63488
3,78,678,"phi",5.6735
3,79,679,"phi",5.79982
3,80,680,"phi",5.59297
3,81,681,"phi",5.61144
3,82,682,"phi",5.92913
3,83,683,"phi",5.54736
3,84,684,"phi",5.641
3,85,685,"phi",5.69639
3,86,686,"phi",5.73574
3,87,687,"phi",5.74583
3,88,688,"phi",5.97097
3,89,689,"phi",5.62786
3,90,690,"phi",5.77091
3,91,691,"phi",5.92447
3,92,692,"phi",6.01709
3,93,693,"phi",5.42874
3,94,694,"phi",5.71904
3,95,695,"phi",6.09843
3,96,696,"phi",5.9002
3,97,697,"phi",5.75609
3,98,698,"phi",5.76526
3,99,699,"phi",5.35656
3,100,700,"phi",5.63905
3,101,701,"phi",5.84518
3,102,702,"phi",5.711
3,103,703,"phi",5.86152
3,104,704,"phi",6.11842
3,105,705,"phi",5.81334
3,106,706,"phi",5.78352
3,107,707,"phi",5.81066
3,108,708,"phi",5.96329
3,109,709,"phi",5.72719
3,110,710,"phi",6.11201
3,111,711,"phi",5.87916
3,112,712,"phi",5.56687
3,113,713,"phi",5.89739
3,114,714,"phi",5.7241
3,115,715,"phi",5.79347
3,116,716,"phi",5.63856
3,117,717,"phi",5.36109
3,118,718,"phi",5.74675
3,119,719,"phi",5.76853
3,120,720,"phi",5.82329
3,121,721,"phi",6.02073
3,122,722,"phi",5.75925
3,123,723,"phi",5.52989
3,124,724,"phi",6.16953
3,125,725,"phi",5.65987
3,126,726,"phi",5.93126
3,127,727,"phi",5.5725
3,128,728,"phi",5.6882
3,129,729,"phi",5.80347
3,130,730,"phi",5.68897
3,131,731,"phi",5.63308
3,132,732,"phi",5.70249
3,133,733,"phi",6.02396
3,134,734,"phi",5.81168
3,135,735,"phi",6.25025
3,136,736,"phi",5.70004
3,137,737,"phi",5.62682
3,138,738,"phi",5.84377
3,139,739,"phi",5.54538
3,140,740,"phi",5.8123
3,141,741,"phi",5.73546
3,142,742,"phi",5.97782
3,143,743,"phi",5.34995
3,144,744,"phi",5.93302
3,145,745,"phi",5.91543
3,146,746,"phi",5.55858
3,147,747,"phi",5.81407
3,148,748,"phi",5.53129
3,149,749,"phi",5.95298
3,150,750,"phi",5.9002
3,151,751,"phi",6.05003
3,152,752,"phi",5.76006
3,153,753,"phi",5.79464
3,154,754,"phi",5.97633
3,155,755,"phi",5.78111
3,156,756,"phi",5.60299
3,157,757,"phi",5.87491
3,158,758,"phi",5.66699
3,159,759,"phi",5.6456
3,160,760,"phi",5.86991
3,161,761,"phi",5.78578
3,162,762,"phi",5.68663
3,163,763,"phi",5.90008
3,164,764,"phi",5.68368
3,165,765,"phi",6.12523
3,166,766,"phi",5.58104
3,167,767,"phi",5.64476
3,168,768,"phi",5.84517
3,169,769,"phi",6.02427
3,170,770,"phi",5.91596
3,171,771,"phi",5.806
3,172,772,"phi",5.82833
3,173,773,"phi",5.81537
3,174,774,"phi",5.69341
3,175,775,"phi",6.00583
3,176,776,"phi",5.91956
3,177,777,"phi",5.87054
3,178,778,"phi",5.78143
3,179,779,"phi",5.80304
3,180,780,"phi",5.83514
3,181,781,"phi",5.69141
3,182,782,"phi",5.7161
3,183,783,"phi",5.55276
3,184,784,"phi",5.70455
3,185,785,"phi",5.6482
3,186,786,"phi",5.89251
3,187,787,"phi",5.47378
3,188,788,"phi",5.9218
3,189,789,"phi",5.77067
3,190,790,"phi",5.6675
3,191,791,"phi",5.6382
3,192,792,"phi",5.66118
3,193,793,"phi",5.56152
3,194,794,"phi",5.63634
3,195,795,"phi",5.64806
3,196,796,"phi",5.77032
3,197,797,"phi",5.83821
3,198,798,"phi",5.50685
3,199,799,"phi",5.2446
3,200,800,"phi",5.95273
3,201,801,"phi",5.65516
3,202,802,"phi",5.7165
3,203,803,"phi",5.62427
3,204,804,"phi",5.69617
3,205,805,"phi",5.73633
3,206,806,"phi",5.89222
3,207,807,"phi",5.69608
3,208,808,"phi",6.00276
3,209,809,"phi",6.04557
3,210,810,"phi",5.65136
3,211,811,"phi",5.69034
3,212,812,"phi",5.77151
3,213,813,"phi",5.82065
3,214,814,"phi",5.71056
3,215,815,"phi",5.78856
3,216,816,"phi",5.84541
3,217,817,"phi",5.62029
3,218,818,"phi",5.61809
3,219,819,"phi",5.70005
3,220,820,"phi",5.539
3,221,821,"phi",5.89351
3,222,822,"phi",5.7492
3,223,823,"phi",6.23496
3,224,824,"phi",5.656
3,225,825,"phi",6.20038
3,226,826,"phi",5.79589
3,227,827,"phi",6.00508
3,228,828,"phi",5.6269
3,229,829,"phi",5.83643
3,230,830,"phi",5.79213
3,231,831,"phi",5.931
3,232,832,"phi",5.66755
3,233,833,"phi",5.54002
3,234,834,"phi",5.8536
3,235,835,"phi",5.57729
3,236,836,"phi",5.86401
3,237,837,"phi",6.09252
3,238,838,"phi",6.08829
3,239,839,"phi",5.88696
3,240,840,"phi",5.94967
3,241,841,"phi",5.8275
3,242,842,"phi",5.48268
3,243,843,"phi",5.80624
3,244,844,"phi",5.50389
3,245,845,"phi",6.03669
3,246,846,"phi",5.77727
3,247,847,"phi",5.73991
3,248,848,"phi",5.79933
3,249,849,"phi",5.60498
3,250,850,"phi",5.67309
3,251,851,"phi",5.91005
3,252,852,"phi",5.89397
3,253,853,"phi",5.67963
3,254,854,"phi",5.57111
3,255,855,"phi",5.71424
3,256,856,"phi",5.89491
3,257,857,"phi",5.32181
3,258,858,"phi",5.99496
3,259,859,"phi",5.81206
3,260,860,"phi",5.64977
3,261,861,"phi",6.05707
3,262,862,"phi",5.58339
3,263,863,"phi",5.65127
3,264,864,"phi",5.64393
3,265,865,"phi",6.01987
3,266,866,"phi",5.76104
3,267,867,"phi",5.85418
3,268,868,"phi",5.99186
3,269,869,"phi",5.4813
3,270,870,"phi",5.90439
3,271,871,"phi",5.64572
3,272,872,"phi",5.5825
3,273,873,"phi",5.67598
3,274,874,"phi",5.682
3,275,875,"phi",5.86955
3,276,876,"phi",5.60997
3,277,877,"phi",6.24972
3,278,878,"phi",6.02344
3,279,879,"phi",5.80594
3,280,880,"phi",5.50234
3,281,881,"phi",6.11734
3,282,882,"phi",6.01057
3,283,883,"phi",5.73885
3,284,884,"phi",5.85385
3,285,885,"phi",5.78992
3,286,886,"phi",5.43465
3,287,887,"phi",5.9021
3,288,888,"phi",5.40391
3,289,889,"phi",5.76704
3,290,890,"phi",6.00215
3,291,891,"phi",6.11094
3,292,892,"phi",5.88226
3,293,893,"phi",6.06308
3,294,894,"phi",5.91015
3,295,895,"phi",5.42015
3,296,896,"phi",5.7025
3,297,897,"phi",5.70688
3,298,898,"phi",5.86616
3,299,899,"phi",5.31299
3,300,900,"phi",5.93797
4,1,901,"phi",5.87304
4,2,902,"phi",5.72479
4,3,903,"phi",5.40231
4,4,904,"phi",6.01156
4,5,905,"phi",5.94096
4,6,906,"phi",5.66475
4,7,907,"phi",5.77624
4,8,908,"phi",5.74184
4,9,909,"phi",5.92569
4,10,910,"phi",5.94643
4,11,911,"phi",5.96988
4,12,912,"phi",5.77059
4,13,913,"phi",5.73542
4,14,914,"phi",6.12956
4,15,915,"phi",5.99475
4,16,916,"phi",5.61349
4,17,917,"phi",5.76955
4,18,918,"phi",5.60857
4,19,919,"phi",5.83677
4,20,920,"phi",5.76761
4,21,921,"phi",5.609
4,22,922,"phi",5.82937
4,23,923,"phi",5.36164
4,24,924,"phi",5.64491
4,25,925,"phi",5.70664
4,26,926,"phi",5.74158
4,27,927,"phi",5.85054
4,28,928,"phi",5.86167
4,29,929,"phi",5.74675
4,30,930,"phi",6.00379
4,31,931,"phi",5.50125
4,32,932,"phi",6.06921
4,33,933,"phi",5.63181
4,34,934,"phi",6.0373
4,35,935,"phi",5.92466
4,36,936,"phi",5.88081
4,37,937,"phi",5.93613
4,38,938,"phi",5.56561
4,39,939,"phi",6.05175
4,40,940,"phi",5.65147
4,41,941,"phi",5.71032
4,42,942,"phi",5.43036
4,43,943,"phi",5.53472
4,44,944,"phi",5.86473
4,45,945,"phi",5.94546
4,46,946,"phi",5.76487
4,47,947,"phi",5.55563
4,48,948,"phi",5.83723
4,49,949,"phi",5.92736
4,50,950,"phi",5.68712
4,51,951,"phi",5.65966
4,52,952,"phi",5.76578
4,53,953,"phi",5.73951
4,54,954,"phi",5.65284
4,55,955,"phi",5.40119
4,56,956,"phi",5.86451
4,57,957,"phi",5.31364
4,58,958,"phi",5.82847
4,59,959,"phi",5.5498
4,60,960,"phi",5.7027
4,61,961,"phi",5.85227
4,62,962,"phi",5.59869
4,63,963,"phi",5.54709
4,64,964,"phi",5.62122
4,65,965,"phi",5.71017
4,66,966,"phi",6.02137
4,67,967,"phi",5.8424
4,68,968,"phi",5.77726
4,69,969,"phi",6.07331
4,70,970,"phi",5.74073
4,71,971,"phi",5.58104
4,72,972,"phi",5.69409
4,73,973,"phi",5.66198
4,74,974,"phi",5.80957
4,75,975,"phi",5.77626
4,76,976,"phi",5.79652
4,77,977,"phi",5.82226
4,78,978,"phi",5.71008
4,79,979,"phi",5.70264
4,80,980,"phi",5.50966
4,81,981,"phi",5.41253
4,82,982,"phi",6.06456
4,83,983,"phi",6.14416
4,84,984,"phi",5.8379
4,85,985,"phi",5.74353
4,86,986,"phi",5.68825
4,87,987,"phi",5.9151
4,88,988,"phi",5.51125
4,89,989,"phi",5.40555
4,90,990,"phi",5.41327
4,91,991,"phi",6.19027
4,92,992,"phi",5.87029
4,93,993,"phi",5.54254
4,94,994,"phi",5.58019
4,95,995,"phi",5.72523
4,96,996,"phi",5.78275
4,97,997,"phi",5.62263
4,98,998,"phi",5.72384
4,99,999,"phi",5.70216
4,100,1000,"phi",5.7572
4,101,1001,"phi",5.89736
4,102,1002,"phi",5.77362
4,103,1003,"phi",5.62141
4,104,1004,"phi",5.80528
4,105,1005,"phi",6.07652
4,106,1006,"phi",5.82589
4,107,1007,"phi",5.97238
4,108,1008,"phi",6.07353
4,109,1009,"phi",5.44328
4,110,1010,"phi",5.79951
4,111,1011,"phi",5.70922
4,112,1012,"phi",5.80941
4,113,1013,"phi",5.50198
4,114,1014,"phi",5.99723
4,115,1015,"phi",6.12235
4,116,1016,"phi",5.88142
4,117,1017,"phi",5.76624
4,118,1018,"phi",5.68252
4,119,1019,"phi",5.89188
4,120,1020,"phi",5.76085
4,121,1021,"phi",5.43896
4,122,1022,"phi",5.54003
4,123,1023,"phi",5.66351
4,124,1024,"phi",5.54758
4,125,1025,"phi",5.71026
4,126,1026,"phi",6.02093
4,127,1027,"phi",5.82258
4,128,1028,"phi",5.77868
4,129,1029,"phi",5.82887
4,130,1030,"phi",5.81285
4,131,1031,"phi",5.66412
4,132,1032,"phi",5.50959
4,133,1033,"phi",5.77038
4,134,1034,"phi",5.51956
4,135,1035,"phi",5.40826
4,136,1036,"phi",5.72123
4,137,1037,"phi",5.3894
4,138,1038,"phi",5.95216
4,139,1039,"phi",5.99626
4,140,1040,"phi",5.62506
4,141,1041,"phi",5.98313
4,142,1042,"phi",5.62382
4,143,1043,"phi",5.52594
4,144,1044,"phi",5.80914
4,145,1045,"phi",5.83172
4,146,1046,"phi",5.5455
4,147,1047,"phi",5.61668
4,148,1048,"phi",5.72349
4,149,1049,"phi",5.64924
4,150,1050,"phi",5.54282
4,151,1051,"phi",5.11575
4,152,1052,"phi",5.83485
4,153,1053,"phi",5.64158
4,154,1054,"phi",5.87655
4,155,1055,"phi",6.17556
4,156,1056,"phi",5.86851
4,157,1057,"phi",5.86199
4,158,1058,"phi",5.67768
4,159,1059,"phi",5.8973
4,160,1060,"phi",5.83336
4,161,1061,"phi",5.89444
4,162,1062,"phi",5.83851
4,163,1063,"phi",5.45044
4,164,1064,"phi",5.75848
4,165,1065,"phi",5.69436
4,166,1066,"phi",5.88989
4,167,1067,"phi",6.02785
4,168,1068,"phi",5.29515
4,169,1069,"phi",5.63093
4,170,1070,"phi",5.77032
4,171,1071,"phi",6.18424
4,172,1072,"phi",5.72793
4,173,1073,"phi",5.60075
4,174,1074,"phi",5.56639
4,175,1075,"phi",6.0858
4,176,1076,"phi",5.80514
4,177,1077,"phi",5.49834
4,178,1078,"phi",5.81783
4,179,1079,"phi",5.83238
4,180,1080,"phi",5.75298
4,181,1081,"phi",5.69937
4,182,1082,"phi",5.80496
4,183,1083,"phi",5.64488
4,184,1084,"phi",5.58999
4,185,1085,"phi",5.6905
4,186,1086,"phi",5.78869
4,187,1087,"phi",5.73902
4,188,1088,"phi",5.56274
4,189,1089,"phi",5.81817
4,190,1090,"phi",5.59237
4,191,1091,"phi",5.59255
4,192,1092,"phi",5.55176
4,193,1093,"phi",5.98109
4,194,1094,"phi",5.75815
4,195,1095,"phi",5.85934
4,196,1096,"phi",5.9331
4,197,1097,"phi",5.74838
4,198,1098,"phi",5.72257
4,199,1099,"phi",5.75049
4,200,1100,"phi",5.48875
4,201,1101,"phi",5.60475
4,202,1102,"phi",5.82131
4,203,1103,"phi",5.57528
4,204,1104,"phi",5.69128
4,205,1105,"phi",5.79484
4,206,1106,"phi",5.7832
4,207,1107,"phi",6.19433
4,208,1108,"phi",5.95561
4,209,1109,"phi",5.69166
4,210,1110,"phi",5.66289
4,211,1111,"phi",5.66533
4,212,1112,"phi",5.82535
4,213,1113,"phi",5.58543
4,214,1114,"phi",6.01509
4,215,1115,"phi",5.70805
4,216,1116,"phi",5.92986
4,217,1117,"phi",5.9814
4,218,1118,"phi",5.60733
4,219,1119,"phi",5.80093
4,220,1120,"phi",5.84382
4,221,1121,"phi",5.83383
4,222,1122,"phi",5.89883
4,223,1123,"phi",5.87989
4,224,1124,"phi",5.31755
4,225,1125,"phi",5.9369
4,226,1126,"phi",5.85336
4,227,1127,"phi",5.58239
4,228,1128,"phi",5.65735
4,229,1129,"phi",5.33246
4,230,1130,"phi",5.71797
4,231,1131,"phi",5.59538
4,232,1132,"phi",5.4651
4,233,1133,"phi",5.61707
4,234,1134,"phi",5.77632
4,235,1135,"phi",6.02598
4,236,1136,"phi",5.77711
4,237,1137,"phi",5.66713
4,238,1138,"phi",5.83128
4,239,1139,"phi",5.68593
4,240,1140,"phi",5.96108
4,241,1141,"phi",5.83608
4,242,1142,"phi",5.68768
4,243,1143,"phi",6.11341
4,244,1144,"phi",5.87348
4,245,1145,"phi",5.89699
4,246,1146,"phi",5.68506
4,247,1147,"phi",5.51598
4,248,1148,"phi",5.64064
4,249,1149,"phi",5.83571
4,250,1150,"phi",6.02345
4,251,1151,"phi",5.6319
4,252,1152,"phi",5.70791
4,253,1153,"phi",5.49126
4,254,1154,"phi",5.72095
4,255,1155,"phi",5.9827
4,256,1156,"phi",5.6369
4,257,1157,"phi",5.63098
4,258,1158,"phi",5.60732
4,259,1159,"phi",5.59497
4,260,1160,"phi",5.70548
4,261,1161,"phi",5.73318
4,262,1162,"phi",5.86432
4,263,1163,"phi",5.63696
4,264,1164,"phi",5.76485
4,265,1165,"phi",5.74295
4,266,1166,"phi",5.86086
4,267,1167,"phi",5.7264
4,268,1168,"phi",5.62079
4,269,1169,"phi",5.71026
4,270,1170,"phi",5.8416
4,271,1171,"phi",5.49034
4,272,1172,"phi",6.01822
4,273,1173,"phi",5.36138
4,274,1174,"phi",5.87245
4,275,1175,"phi",5.84645
4,276,1176,"phi",5.63174
4,277,1177,"phi",5.63462
4,278,1178,"phi",5.78625
4,279,1179,"phi",5.85625
4,280,1180,"phi",5.89777
4,281,1181,"phi",5.58062
4,282,1182,"phi",5.6696
4,283,1183,"phi",5.9388
4,284,1184,"phi",5.53412
4,285,1185,"phi",5.72803
4,286,1186,"phi",5.81485
4,287,1187,"phi",5.68312
4,288,1188,"phi",5.40754
4,289,1189,"phi",5.70132
4,290,1190,"phi",5.77356
4,291,1191,"phi",5.5934
4,292,1192,"phi",5.53192
4,293,1193,"phi",5.63047
4,294,1194,"phi",5.79419
4,295,1195,"phi",5.65098
4,296,1196,"phi",5.67723
4,297,1197,"phi",5.86893
4,298,1198,"phi",6.03926
4,299,1199,"phi",5.55849
4,300,1200,"phi",5.91603
